<?xml version="1.0" encoding="UTF-8"?>
<beans xmlns="http://www.springframework.org/schema/beans"
	xmlns:xsi="http://www.w3.org/2001/XMLSchema-instance"
	xsi:schemaLocation="http://www.springframework.org/schema/beans http://www.springframework.org/schema/beans/spring-beans.xsd">
	
	<!-- Root Context: defines shared resources visible to all other web components -->
		<!-- DB Connection -->
		<!-- DataSource -->
		<bean id="dataSource"
			class="org.springframework.jndi.JndiObjectFactoryBean">
		<property name="jndiName" value="java:comp/env/jdbc/RDSSCOTT"/>
		</bean>
		
		<!-- Mybati Setting -->
		<!-- SqlSessionFactory는 데이터베이스와의 연결과 SQL
		-SqlSessionFactory를 생성해 주는 객체를 설정해 주 -->
		<bean id="sqlSessionFactory" class="org.mybatis.spring.SqlSessionFactoryBean">
	      <property name="dataSource" ref="dataSource" />      <!-- 위의 dataSource 객체 참조 reference : ref-->
	      <property name="configLocation"   value="classpath:config/mybatis-config.xml" />   <!-- 설정파일 위치 잡아줌 -->
	      <property name="mapperLocations" value="classpath:query/*.xml" />   <!--  -->
	      <property name="transactionFactory" >      <!-- 설정해 주면서 객체 생성 바로 함  -->
	         <bean class="org.apache.ibatis.transaction.managed.ManagedTransactionFactory" />   
	      </property>
   		</bean>
		
		<bean id="sqlSession"
			class="org.mybatis.spring.SqlSessionTemplate">
		<constructor-arg name="sqlSessionFactory" ref="sqlSessionFactory"></constructor-arg>
		</bean>
		
		<bean
			class="org.mybatis.spring.mapper.MapperScannerConfigurer">
		<property name="basePackage">
			<value>com.web.tt.**.dao</value>
		</property>
		</bean>
		
</beans>
